Package{trackingId='Id1', sender=Contact{name='S1', address=Address{country='Country1', city='City1', street='Street1', zipCode='ZipCode1'}, phone='Phone1'}, destination=Contact{name='D1', address=Address{country='Country21', city='City21', street='Street21', zipCode='ZipCode21'}, phone='Phone21'}, route=null}
Package{trackingId='Id2', sender=Contact{name='S2', address=Address{country='Country2', city='City2', street='Street2', zipCode='ZipCode2'}, phone='Phone2'}, destination=Contact{name='D2', address=Address{country='Country22', city='City22', street='Street22', zipCode='ZipCode22'}, phone='Phone22'}, route=null}
Package{trackingId='Id3', sender=Contact{name='S3', address=Address{country='Country3', city='City3', street='Street3', zipCode='ZipCode3'}, phone='Phone3'}, destination=Contact{name='D3', address=Address{country='Country23', city='City23', street='Street23', zipCode='ZipCode23'}, phone='Phone23'}, route=null}
Package{trackingId='Id4', sender=Contact{name='S4', address=Address{country='Country4', city='City4', street='Street4', zipCode='ZipCode4'}, phone='Phone4'}, destination=Contact{name='D4', address=Address{country='Country24', city='City24', street='Street24', zipCode='ZipCode24'}, phone='Phone24'}, route=null}
Package{trackingId='Id5', sender=Contact{name='S5', address=Address{country='Country5', city='City5', street='Street5', zipCode='ZipCode5'}, phone='Phone5'}, destination=Contact{name='D5', address=Address{country='Country25', city='City25', street='Street25', zipCode='ZipCode25'}, phone='Phone25'}, route=null}
Package{trackingId='Id6', sender=Contact{name='S6', address=Address{country='Country6', city='City6', street='Street6', zipCode='ZipCode6'}, phone='Phone6'}, destination=Contact{name='D6', address=Address{country='Country26', city='City26', street='Street26', zipCode='ZipCode26'}, phone='Phone26'}, route=null}
Package{trackingId='Id7', sender=Contact{name='S7', address=Address{country='Country7', city='City7', street='Street7', zipCode='ZipCode7'}, phone='Phone7'}, destination=Contact{name='D7', address=Address{country='Country27', city='City27', street='Street27', zipCode='ZipCode27'}, phone='Phone27'}, route=null}
Package{trackingId='Id8', sender=Contact{name='S8', address=Address{country='Country8', city='City8', street='Street8', zipCode='ZipCode8'}, phone='Phone8'}, destination=Contact{name='D8', address=Address{country='Country28', city='City28', street='Street28', zipCode='ZipCode28'}, phone='Phone28'}, route=null}
Package{trackingId='Id9', sender=Contact{name='S9', address=Address{country='Country9', city='City9', street='Street9', zipCode='ZipCode9'}, phone='Phone9'}, destination=Contact{name='D9', address=Address{country='Country29', city='City29', street='Street29', zipCode='ZipCode29'}, phone='Phone29'}, route=null}
Package{trackingId='Id10', sender=Contact{name='S10', address=Address{country='Country10', city='City10', street='Street10', zipCode='ZipCode10'}, phone='Phone10'}, destination=Contact{name='D10', address=Address{country='Country210', city='City210', street='Street210', zipCode='ZipCode210'}, phone='Phone210'}, route=null}
